geometry,nodes,building:levels,available_beds
"POLYGON ((13.3969262 52.526683, 13.396961 52.5265962, 13.3970458 52.5266103, 13.3972043 52.5266366, 13.3973105 52.5266726, 13.3973895 52.5266872, 13.3973592 52.5267525, 13.3971021 52.5267128, 13.3969262 52.526683))","[1503048137, 3903345716, 3903345726, 3903345739, 3903345963, 3903345969, 3903346002, 3903345983, 1503048137]",5,120
"POLYGON ((13.3961163 52.5258473, 13.3962126 52.5258618, 13.3962154 52.5258549, 13.3962263 52.5258566, 13.3962235 52.5258635, 13.3963127 52.5258769, 13.3963155 52.5258701, 13.3963274 52.5258719, 13.3963247 52.5258788, 13.3964207 52.5258933, 13.3964233 52.5258875, 13.3964981 52.525899, 13.3964959 52.5259068, 13.3965882 52.5259212, 13.3965912 52.5259141, 13.3966045 52.5259162, 13.3966015 52.5259233, 13.3966929 52.5259375, 13.3966958 52.5259304, 13.3967114 52.5259329, 13.3967085 52.52594, 13.3967974 52.5259538, 13.3968005 52.5259467, 13.3968169 52.5259493, 13.3968139 52.5259564, 13.3969058 52.5259707, 13.3969182 52.5259455, 13.3969077 52.5259436, 13.3969114 52.5259362, 13.3969218 52.5259381, 13.3969299 52.5259217, 13.3969194 52.5259198, 13.3969227 52.5259133, 13.3969331 52.5259152, 13.3969459 52.525889, 13.3969063 52.5258832, 13.3969037 52.5258896, 13.3968914 52.5258878, 13.396894 52.5258813, 13.3968833 52.5258797, 13.3968866 52.5258725, 13.3968982 52.5258745, 13.3969061 52.5258566, 13.39692 52.5258261, 13.3969084 52.5258241, 13.3969115 52.5258174, 13.39692 52.5258186, 13.3969221 52.5258138, 13.396936 52.5258158, 13.396934 52.5258208, 13.3969535 52.5258237, 13.3969818 52.5257652, 13.3969707 52.5257633, 13.3969732 52.5257578, 13.3969845 52.5257597, 13.3970089 52.5257092, 13.3967084 52.5256627, 13.3967092 52.5256601, 13.3967432 52.5255793, 13.396666 52.5255674, 13.3966858 52.525519, 13.3966878 52.5255151, 13.397173 52.5255894, 13.397232 52.5255983, 13.3973425 52.5256155, 13.3973267 52.525647, 13.3973458 52.5256502, 13.3973046 52.5257478, 13.3972907 52.5257452, 13.3972792 52.5257726, 13.3972858 52.5257737, 13.3972825 52.5257814, 13.3972759 52.5257804, 13.3972293 52.5258917, 13.3971827 52.5260028, 13.3971892 52.5260039, 13.3971852 52.5260135, 13.3971786 52.5260124, 13.3971671 52.5260406, 13.3971221 52.5261475, 13.3971114 52.5261458, 13.3971085 52.5261524, 13.3970894 52.5261493, 13.3970923 52.5261427, 13.3970454 52.5261352, 13.3970425 52.5261418, 13.39703 52.5261398, 13.3970328 52.5261331, 13.3970064 52.5261289, 13.3969971 52.5261485, 13.3969002 52.5261323, 13.396909 52.5261132, 13.3968611 52.5261055, 13.3968582 52.5261121, 13.3968476 52.5261104, 13.3968505 52.5261038, 13.3967578 52.5260889, 13.3967549 52.5260955, 13.3967442 52.5260938, 13.3967471 52.5260871, 13.3966547 52.5260723, 13.3966518 52.5260789, 13.3966402 52.526077, 13.3966431 52.5260704, 13.3965735 52.5260592, 13.3965599 52.52609, 13.3964404 52.5260698, 13.3964448 52.5260605, 13.3962873 52.5260347, 13.3962966 52.5260146, 13.3962744 52.5260111, 13.3962715 52.5260177, 13.3962598 52.5260158, 13.3962627 52.5260092, 13.3961649 52.5259934, 13.396162 52.5260001, 13.3961517 52.5259984, 13.3961546 52.5259918, 13.3960617 52.5259768, 13.3961163 52.5258473))","[3903344727, 3903344737, 3903344730, 3903344732, 3903344739, 3903344747, 3903344742, 3903344744, 3903344749, 3903344863, 3903344858, 3903344864, 3903344868, 3903344879, 3903344872, 3903344874, 3903344881, 3903344892, 3903344886, 3903344889, 3903344894, 3903344902, 3903344898, 3903344900, 3903344903, 3903344912, 3903344897, 3903344895, 3903344891, 3903344893, 3903344880, 3903344876, 3903344871, 3903344873, 3903344860, 3903344754, 3903344861, 3903344859, 3903344753, 3903344751, 3903344745, 3903344746, 3903344733, 3903344718, 3903344717, 3903344712, 3903344714, 3903344708, 3903344709, 3903344715, 3903344716, 3903344688, 3903344686, 3903344683, 3903344684, 3903344665, 3903344651, 3903344650, 3903344602, 3903344594, 3903344556, 3903344554, 3903344606, 3903344612, 3903344624, 3903344639, 3903344642, 3903344679, 3903344677, 3903344690, 3903344692, 3903344695, 3903344694, 3903344862, 3903344932, 3903344934, 3903344944, 3903344943, 3903344955, 3903345043, 3903345041, 3903345049, 3903345046, 3903345039, 3903345035, 3903345038, 3903345036, 3903345034, 3903345032, 3903345045, 3903345033, 3903345024, 3903345017, 3903345021, 3903345020, 3903345015, 3903345003, 3903345008, 3903345007, 3903345001, 3903344990, 3903345000, 3903344996, 3903344988, 3903344978, 3903345004, 3903344987, 3903344981, 3903344950, 3903344945, 3903344941, 3903344947, 3903344946, 3903344939, 3903344924, 3903344929, 3903344928, 3903344923, 3903344915, 3903344727]",6,210
"POLYGON ((13.3961402 52.5255791, 13.3961352 52.5255909, 13.3960852 52.5255839, 13.3961139 52.5255135, 13.3961573 52.5255202, 13.3961765 52.5254734, 13.3961582 52.5254706, 13.3961668 52.5254503, 13.3961848 52.525453, 13.3961921 52.5254355, 13.3966739 52.5255095, 13.3966775 52.5255012, 13.3966846 52.5255023, 13.3966783 52.5255178, 13.3966858 52.525519, 13.396666 52.5255674, 13.3967432 52.5255793, 13.3967092 52.5256601, 13.3967039 52.5256593, 13.3966987 52.5256719, 13.396611 52.5256587, 13.396615 52.5256494, 13.3966094 52.5256487, 13.3966083 52.5256508, 13.3961402 52.5255791))","[3903344601, 3903344608, 3903344604, 3903344552, 3903344557, 3903344526, 3903344525, 3903344517, 3903344518, 3903344502, 3903344550, 3903344545, 3903344546, 3903344555, 3903344556, 3903344594, 3903344602, 3903344650, 3903344649, 3903344654, 3903344648, 3903344641, 3903344640, 3903344643, 3903344601]",6,220
"POLYGON ((13.3791251 52.526407, 13.3790827 52.5266321, 13.3790791 52.5266624, 13.379066 52.5267439, 13.3792686 52.5267553, 13.3792751 52.5267076, 13.3793635 52.5267133, 13.3795251 52.5267226, 13.3795238 52.5267315, 13.3797792 52.5267454, 13.3797806 52.5267381, 13.3799997 52.526747, 13.3800404 52.5267487, 13.380032 52.5268015, 13.3802384 52.5268161, 13.3802528 52.5267298, 13.3802639 52.5266602, 13.3802887 52.5264781, 13.3801474 52.5264691, 13.3801463 52.5264817, 13.3798231 52.5264597, 13.3796106 52.526449, 13.3792578 52.5264299, 13.3792613 52.5264138, 13.3791251 52.526407))","[287022672, 538903549, 305019068, 287022673, 2656227516, 2656227508, 287022674, 8795775572, 8795775570, 8795775569, 8795775571, 1203692768, 1203301176, 1203301053, 287022678, 4643011507, 4643011505, 366103904, 1203301157, 1203301089, 1203301075, 1203301150, 1203301133, 1203301067, 287022672]",21,132
"POLYGON ((13.3780801 52.5265878, 13.3784629 52.5266161, 13.3784959 52.5266188, 13.3785147 52.5266196, 13.3785092 52.5266512, 13.3786634 52.5266626, 13.3787291 52.5266675, 13.3787329 52.526641, 13.3787398 52.52661, 13.3787466 52.5265565, 13.3787367 52.5265558, 13.3787462 52.526494, 13.3787569 52.5264944, 13.3787634 52.5264614, 13.3787704 52.5264253, 13.3787899 52.5263018, 13.3783478 52.5262734, 13.3783493 52.5262659, 13.3781384 52.5262541, 13.3780801 52.5265878))","[305018880, 8792830328, 1871746227, 2375854907, 8792829516, 8792829502, 8792830318, 305018881, 538903555, 8795775573, 3342715618, 3342715613, 538903823, 3353441393, 305019071, 2375854898, 3342715606, 2375854895, 305018883, 305018880]",5,145
"POLYGON ((13.3799997 52.526747, 13.3797806 52.5267381, 13.3797792 52.5267454, 13.3795238 52.5267315, 13.3795251 52.5267226, 13.3793635 52.5267133, 13.3793448 52.5268034, 13.3793169 52.5269764, 13.3792276 52.5269724, 13.3791436 52.5275261, 13.3799355 52.527581, 13.3800264 52.5270282, 13.3799534 52.527025, 13.3799997 52.526747))","[1203692768, 8795775571, 8795775569, 8795775570, 8795775572, 287022674, 538903028, 2656264761, 2656227525, 1203692558, 1203692757, 1203692684, 1203692590, 1203692768]",4,432
"POLYGON ((13.3696494 52.5353885, 13.3699628 52.5351158, 13.3698364 52.5350617, 13.3695233 52.5353342, 13.3694144 52.5352877, 13.3698192 52.5349357, 13.370224 52.5345837, 13.3703329 52.5346305, 13.3700193 52.5349029, 13.3701456 52.5349568, 13.370459 52.5346842, 13.3705576 52.5347254, 13.3705568 52.5347261, 13.3705921 52.5347414, 13.3706429 52.5347626, 13.3706437 52.5347619, 13.3706569 52.5347676, 13.3706344 52.5347872, 13.3706869 52.5348096, 13.370743 52.5348336, 13.3706669 52.5348998, 13.3706115 52.5348761, 13.3705583 52.5348534, 13.3704046 52.5349871, 13.3704365 52.5350008, 13.3704298 52.5350067, 13.3704679 52.535023, 13.370515 52.5350431, 13.3708731 52.5351962, 13.3708132 52.5352483, 13.3708838 52.5352784, 13.3708883 52.5352941, 13.3707361 52.5354265, 13.3707104 52.5354293, 13.3706399 52.5353991, 13.37058 52.5354512, 13.3703859 52.5353682, 13.3703074 52.5353347, 13.3702736 52.5353641, 13.3701288 52.5353022, 13.3701558 52.5352787, 13.3700979 52.5352539, 13.3699442 52.5353877, 13.3700528 52.5354341, 13.3699767 52.5355003, 13.3698681 52.5354539, 13.3698465 52.5354727, 13.3696494 52.5353885))","[349135004, 349135056, 349135051, 349135037, 349135043, 3283742192, 349135038, 349135036, 349135047, 349135062, 349135003, 3344192325, 3344192321, 3344192322, 3344192327, 3344192326, 3344192329, 3344192328, 4622711137, 4210455406, 4210455409, 4622711138, 3344192337, 4210455416, 3344192356, 3344192357, 4210455430, 4210455434, 674106593, 674106586, 674106608, 4210455445, 4210455460, 4210455462, 4210455455, 4210455469, 4210455447, 3344192354, 3344192355, 349135006, 674106601, 671063410, 3344192339, 4210455465, 4210455476, 614637030, 671063406, 349135004]",6,123
"POLYGON ((13.3702894 52.5354521, 13.3703859 52.5353682, 13.37058 52.5354512, 13.3706399 52.5353991, 13.3707104 52.5354293, 13.3707361 52.5354265, 13.3707476 52.5354314, 13.3705811 52.5355768, 13.3702894 52.5354521))","[674105795, 4210455447, 4210455469, 4210455455, 4210455462, 4210455460, 4210455463, 4210456589, 674105795]",1,32
"POLYGON ((13.370566 52.5350155, 13.3705617 52.535016, 13.3705594 52.5350163, 13.370553 52.5350177, 13.370547 52.5350196, 13.3705414 52.535022, 13.3705347 52.535026, 13.370515 52.5350431, 13.3704679 52.535023, 13.3704907 52.5350032, 13.3705032 52.5349956, 13.3705177 52.5349893, 13.3705282 52.534986, 13.3705509 52.5349815, 13.3705627 52.5349804, 13.3705806 52.5349803, 13.3705988 52.5349821, 13.3706178 52.5349862, 13.3706267 52.534989, 13.3709082 52.5351095, 13.3710485 52.5351696, 13.3710155 52.5351983, 13.3708755 52.5351376, 13.3705941 52.5350182, 13.3705874 52.5350166, 13.3705804 52.5350156, 13.3705732 52.5350152, 13.370566 52.5350155))","[4210455423, 4622711136, 4210455425, 4210455426, 4210455428, 4210455429, 4210455432, 4210455434, 4210455430, 349135034, 4210455420, 4210455417, 4210455415, 4210455414, 349135032, 3344192331, 3344192330, 3344192333, 3344192336, 4622711132, 4210455440, 4210455443, 3344192347, 349135033, 349135035, 674105788, 4210455422, 4210455423]",2,231
"POLYGON ((13.3705062 52.5343383, 13.3706723 52.5341939, 13.371113 52.5343822, 13.3707506 52.5346981, 13.3706786 52.5346676, 13.370643 52.5346524, 13.3705155 52.534598, 13.3707408 52.5344013, 13.3706453 52.5343605, 13.3706164 52.5343854, 13.3705062 52.5343383))","[349135071, 349135070, 349135068, 349135073, 3344192320, 3344192319, 349135074, 349135072, 4225753860, 4225753863, 349135071]",3,46
"POLYGON ((13.378197 52.5235988, 13.3782261 52.523595, 13.3783614 52.5234692, 13.3783566 52.5234601, 13.3783556 52.523448, 13.3783584 52.523439, 13.3783729 52.5234271, 13.378386 52.5234222, 13.3783993 52.5234189, 13.3784162 52.5234192, 13.378435 52.5234214, 13.3784514 52.5234294, 13.3784638 52.5234423, 13.3788013 52.5234985, 13.3787459 52.5236268, 13.3785815 52.5236012, 13.3786024 52.5235559, 13.3784743 52.5235366, 13.3784555 52.523539, 13.3783987 52.5235938, 13.3784616 52.5236228, 13.3783479 52.5237224, 13.3783805 52.5237351, 13.378589 52.5238165, 13.3785108 52.5238893, 13.37847 52.5238726, 13.3784424 52.5238613, 13.3782522 52.5237832, 13.37826 52.5237755, 13.3782715 52.5237642, 13.3781091 52.5237025, 13.3781521 52.5236627, 13.3781469 52.5236466, 13.378088 52.5236229, 13.3781397 52.5235751, 13.378197 52.5235988))","[2456672606, 2456672605, 373408862, 2456672598, 2456672597, 373408867, 373408872, 373408877, 373408884, 373408889, 373408894, 373408914, 373408918, 373408659, 373408662, 373408791, 373408807, 373408810, 373408815, 373408826, 2456672607, 373408830, 3342715032, 1360405908, 5528047637, 5528047691, 539063915, 373408849, 5528047659, 373408854, 373408858, 2456672609, 2456672608, 5528047698, 5528047647, 2456672606]",4,54
"POLYGON ((13.3780847 52.5243856, 13.3781327 52.5244059, 13.3781224 52.524415, 13.3781405 52.5244226, 13.3781594 52.5244306, 13.3781698 52.5244215, 13.3782171 52.5244414, 13.3783423 52.5243315, 13.3782099 52.5242756, 13.3780847 52.5243856))","[375825999, 2643742509, 2643742511, 539067826, 2643742514, 2643742512, 375826005, 375826013, 375826018, 375825999]",,95
"POLYGON ((13.3775942 52.5246191, 13.3774819 52.5245723, 13.3774627 52.5245894, 13.3773677 52.5246737, 13.37748 52.5247205, 13.3775799 52.5246318, 13.3775942 52.5246191))","[375846685, 375846752, 1360405927, 375846833, 375846675, 3342715164, 375846685]",,214
"POLYGON ((13.3772272 52.5233788, 13.3768366 52.5232205, 13.3767192 52.5233276, 13.3769157 52.5234073, 13.3771099 52.5234859, 13.3772272 52.5233788))","[538976390, 538976391, 538976393, 538986129, 538976394, 538976390]",5,453
"POLYGON ((13.3753676 52.5257157, 13.3755694 52.5255473, 13.3752674 52.5254203, 13.3751751 52.5255036, 13.3753068 52.5255584, 13.3752134 52.5256398, 13.3751955 52.5256309, 13.3751898 52.5256298, 13.3751839 52.5256294, 13.375177 52.5256303, 13.3751712 52.525632, 13.3751315 52.5256673, 13.375131 52.5256731, 13.3751332 52.5256783, 13.3751386 52.5256828, 13.3751553 52.5256904, 13.3750636 52.5257702, 13.3749333 52.5257116, 13.3749294 52.5257138, 13.3748796 52.5257305, 13.3748427 52.525764, 13.3748626 52.5257745, 13.3748352 52.5257968, 13.3748429 52.5258003, 13.3748816 52.5258162, 13.3751392 52.5259238, 13.3753297 52.5257491, 13.3753504 52.5257562, 13.3753557 52.5257663, 13.375369 52.5257641, 13.3753674 52.5257577, 13.3753798 52.5257468, 13.3753942 52.5257342, 13.3754049 52.5257351, 13.3754062 52.5257248, 13.3753933 52.5257262, 13.3753676 52.5257157))","[3342715542, 538977645, 538977643, 538977661, 538977659, 3342715522, 3342715519, 3342715517, 3342715516, 3342715518, 3342715520, 3342715529, 3342715532, 3342715535, 3342715537, 3342715538, 538977658, 538977657, 2033413480, 2033413500, 538977655, 3342715554, 3342715556, 667128888, 667128891, 538977646, 3342715548, 3342715550, 3342715553, 3342715552, 3342715551, 538986768, 3342715546, 3342715547, 3342715544, 3342715545, 3342715542]",,231
"POLYGON ((13.374638 52.5257042, 13.3746972 52.5256525, 13.3747263 52.5256273, 13.3747814 52.5255794, 13.3746168 52.5255093, 13.374582 52.5255395, 13.3744627 52.5254888, 13.3744047 52.5254642, 13.374417 52.5254535, 13.3742894 52.5253995, 13.3742829 52.5254052, 13.3741808 52.525362, 13.3741019 52.5253709, 13.3740571 52.5254108, 13.3740722 52.5254586, 13.3741276 52.5254813, 13.374116 52.5254918, 13.3740756 52.5255283, 13.3741195 52.5255463, 13.3741279 52.5255387, 13.374139 52.5255432, 13.374114 52.5255658, 13.3741043 52.5255618, 13.3740992 52.5255664, 13.3741052 52.5255689, 13.3740927 52.5255801, 13.3740814 52.5255903, 13.3740746 52.5255875, 13.3740682 52.5255931, 13.3740778 52.5255971, 13.3740533 52.525619, 13.3740439 52.5256151, 13.3740386 52.5256198, 13.374168 52.5256736, 13.3741725 52.5256695, 13.3741628 52.5256655, 13.374189 52.5256423, 13.3741985 52.5256462, 13.3742022 52.525643, 13.3741932 52.5256392, 13.3742193 52.525616, 13.3742291 52.5256201, 13.3742333 52.5256163, 13.3742234 52.5256121, 13.3742496 52.5255888, 13.374259 52.5255928, 13.374263 52.5255892, 13.3742417 52.5255803, 13.3742447 52.5255571, 13.3742597 52.525544, 13.374638 52.5257042))","[538977857, 2033413498, 2033413482, 538977859, 3342715274, 3342715282, 538986752, 3342715272, 3342715270, 3342715265, 3342715266, 538977862, 1353880246, 1353880248, 1353880250, 538977867, 5541023499, 538977870, 3342715286, 3342715281, 3342715285, 3342715493, 3342715289, 3342715292, 3342715494, 5541023444, 3342715501, 3342715498, 3342715502, 3342715505, 3342715513, 3342715509, 3342715511, 3342715533, 3342715530, 3342715527, 3342715524, 3342715526, 3342715523, 3342715521, 3342715508, 3342715512, 3342715510, 3342715507, 3342715499, 3342715503, 3342715500, 3342715497, 3342715287, 538977875, 538977857]",4,456
"POLYGON ((13.3749444 52.5277945, 13.375365 52.5279166, 13.3753697 52.5279126, 13.3754434 52.5279346, 13.3755209 52.5279546, 13.3756151 52.5278395, 13.3753897 52.5277728, 13.3753388 52.5277581, 13.3752985 52.5277478, 13.3750379 52.5276732, 13.3749444 52.5277945))","[538979283, 8792829443, 8792829442, 8792829441, 538979285, 538979288, 3342715762, 538988274, 3342715759, 538979289, 538979283]",,43
"POLYGON ((13.3755672 52.528026, 13.3755826 52.5280304, 13.3755239 52.5281018, 13.3755059 52.5281231, 13.375469 52.5281666, 13.3748819 52.5279945, 13.3747816 52.5279619, 13.374752 52.5279529, 13.3747659 52.5278993, 13.3746767 52.5278891, 13.374588 52.5278785, 13.3745325 52.5278721, 13.3745731 52.5277437, 13.3746364 52.5277501, 13.3748688 52.5277763, 13.3748808 52.5277771, 13.3748657 52.5278279, 13.3748869 52.5278299, 13.374893 52.5278223, 13.3755672 52.528026))","[538979780, 8792829430, 8792829435, 8792829444, 538991839, 4556857267, 8792829456, 538979765, 688232463, 8792829453, 538979766, 538979767, 538979768, 538979770, 8792829454, 8792829455, 538979779, 688232542, 688232261, 538979780]",5,23
"POLYGON ((13.3745099 52.5253358, 13.3746209 52.5252375, 13.3747262 52.5251442, 13.3745672 52.5250778, 13.3743509 52.5252694, 13.3745099 52.5253358))","[538986267, 538986652, 538986268, 538986269, 538986270, 538986267]",1,67
"POLYGON ((13.3744001 52.5258341, 13.3741791 52.5257403, 13.3740826 52.5258245, 13.3743035 52.5259183, 13.3743487 52.5258791, 13.3743682 52.5258619, 13.3744001 52.5258341))","[538986846, 538986847, 538986848, 538986849, 3342715563, 538986851, 538986846]",1,100
"POLYGON ((13.375469 52.5281666, 13.3755059 52.5281231, 13.3755239 52.5281018, 13.3755826 52.5280304, 13.3755672 52.528026, 13.375752 52.527788, 13.3757664 52.5277699, 13.3758521 52.5277981, 13.3758705 52.5278035, 13.3759982 52.5278408, 13.3760228 52.5278485, 13.3759041 52.5279992, 13.3758193 52.527976, 13.3757439 52.5280685, 13.3757834 52.5280793, 13.3758323 52.5280957, 13.3757703 52.5281691, 13.3757134 52.5282403, 13.3755849 52.5282018, 13.3755541 52.5281924, 13.375469 52.5281666))","[538991839, 8792829444, 8792829435, 8792829430, 538979780, 688232160, 538979781, 3342715767, 538988609, 688232549, 8792829437, 538979759, 538979761, 538979762, 538979763, 688232589, 688232351, 1217541399, 4556857270, 4556857268, 538991839]",4,125
"POLYGON ((13.3776481 52.5235404, 13.3775243 52.5234904, 13.3775456 52.523471, 13.377363 52.5233973, 13.3772176 52.5235306, 13.3773846 52.523598, 13.3775612 52.5236693, 13.3776853 52.5235554, 13.3776481 52.5235404))","[538976114, 2456672601, 2456672599, 538976117, 538976119, 538986135, 538976121, 2456672604, 538976114]",,120
"POLYGON ((13.3773571 52.523854, 13.3773381 52.5238714, 13.3772618 52.5239414, 13.3774013 52.5239977, 13.3775127 52.5238955, 13.3775313 52.523903, 13.3775464 52.5238891, 13.3775683 52.523869, 13.3775604 52.5238658, 13.3775789 52.5238489, 13.3776729 52.5237626, 13.3776375 52.5237483, 13.3777804 52.5236172, 13.3779429 52.5234682, 13.3779814 52.5234837, 13.3780496 52.5234211, 13.3780214 52.5234097, 13.377963 52.5233862, 13.3779218 52.5233695, 13.3778357 52.5233348, 13.377755 52.5234088, 13.3777804 52.523419, 13.377699 52.5234937, 13.3776481 52.5235404, 13.3776853 52.5235554, 13.3775612 52.5236693, 13.3775517 52.523678, 13.3774233 52.5237957, 13.3773736 52.5237757, 13.3773093 52.5238347, 13.3773571 52.523854))","[2456672620, 5528443783, 538976125, 538976100, 2456672626, 2456672628, 3342715057, 2456672624, 2456672622, 538996193, 2456672612, 2456672611, 3342714996, 538976102, 538976104, 538976109, 2456672595, 2456672592, 2456672590, 538976112, 2456672594, 2456672596, 2456672602, 538976114, 2456672604, 538976121, 5528443730, 2456672616, 2456672614, 2456672618, 2456672620]",,210
"POLYGON ((13.3786187 52.527336, 13.3786512 52.5271056, 13.3786953 52.5268596, 13.3787291 52.5266675, 13.3786634 52.5266626, 13.3785092 52.5266512, 13.3784888 52.5266506, 13.378469 52.5267601, 13.378365 52.5267552, 13.3783542 52.5268148, 13.3783446 52.5268659, 13.3783342 52.526922, 13.3784435 52.526929, 13.3783899 52.5272261, 13.3783838 52.5272713, 13.3783811 52.5273027, 13.3783563 52.5273165, 13.3786187 52.527336))","[287022692, 538903124, 539071190, 8792830318, 8792829502, 8792829516, 8792830317, 8792829512, 8792829513, 8792829494, 8792829495, 8792829514, 8792829515, 539068723, 8792829509, 8792829510, 8792829511, 287022692]",5,220
"POLYGON ((13.3981231 52.5263552, 13.3981125 52.5263786, 13.3980269 52.5263648, 13.3980392 52.5263426, 13.3979934 52.526333, 13.3980834 52.52615, 13.3980695 52.5261477, 13.3980809 52.5261203, 13.3980695 52.5261182, 13.3981217 52.5260036, 13.3981592 52.5260094, 13.3981684 52.5259883, 13.3981603 52.5259869, 13.3981634 52.5259799, 13.3981715 52.5259812, 13.3981768 52.5259693, 13.3981686 52.525968, 13.3981711 52.5259624, 13.3981792 52.5259637, 13.3981865 52.5259473, 13.3981938 52.5259307, 13.3981804 52.5259278, 13.3981788 52.5259314, 13.3981661 52.5259301, 13.3981707 52.5259192, 13.3981779 52.5259204, 13.3981819 52.5259112, 13.3981747 52.52591, 13.3981771 52.5259043, 13.3981843 52.5259055, 13.3981931 52.5258849, 13.3981859 52.5258837, 13.3981883 52.5258783, 13.3981954 52.5258794, 13.398202 52.525864, 13.3981948 52.5258628, 13.3981979 52.5258558, 13.3982068 52.5258572, 13.3982086 52.525853, 13.3982178 52.5258545, 13.3982161 52.5258587, 13.3982283 52.5258607, 13.3982925 52.5257175, 13.3983058 52.5256885, 13.3983272 52.5256917, 13.3984623 52.5257119, 13.3985622 52.5257274, 13.3985297 52.5258003, 13.3985215 52.5257994, 13.3984613 52.5259268, 13.3984697 52.5259286, 13.3984727 52.5259331, 13.3984451 52.5259907, 13.3984149 52.5260536, 13.398402 52.5260595, 13.398397 52.5260592, 13.3982689 52.5263319, 13.3983666 52.5263496, 13.3983459 52.526393, 13.3982512 52.5263769, 13.3981231 52.5263552))","[3903345373, 3903345386, 3903345378, 3903345366, 3903345358, 3903345047, 3903345044, 3903345029, 3903345027, 3903344933, 3903344940, 3903344922, 3903344921, 3903344916, 3903344918, 3903344911, 3903344909, 3903344906, 3903344907, 3903344899, 3903344887, 3903344883, 3903344888, 3903344885, 3903344875, 3903344877, 3903344870, 3903344869, 3903344866, 3903344867, 3903344857, 3903344755, 3903344748, 3903344750, 3903344740, 3903344738, 3903344731, 3903344734, 3903344728, 3903344729, 3903344735, 3903344736, 3903344668, 3903344660, 3903344662, 3903344667, 3903344671, 3903344704, 3903344703, 3903344882, 3903344884, 3903344890, 940860734, 3903344970, 3903344980, 3903344979, 3903345357, 3903345370, 3903345396, 3903345385, 3903345373]",4,132
"POLYGON ((13.3712959 52.5365705, 13.3713346 52.5365411, 13.3712919 52.5365203, 13.3711715 52.5364615, 13.3712037 52.5364369, 13.3712806 52.5363784, 13.3714031 52.536436, 13.3714121 52.5364288, 13.3714307 52.5364376, 13.3714343 52.5364347, 13.3714518 52.536443, 13.3714455 52.5364479, 13.3714525 52.5364512, 13.3714624 52.5364434, 13.3715908 52.5365037, 13.3715809 52.5365116, 13.3715879 52.5365149, 13.3715942 52.5365099, 13.3716117 52.5365181, 13.3716081 52.536521, 13.3716266 52.5365297, 13.3716176 52.5365368, 13.3717402 52.5365944, 13.3715894 52.5367137, 13.3712959 52.5365705))","[4210456725, 4210456719, 4210456716, 4210456705, 4210456701, 614637036, 671063419, 614637037, 671063422, 671063423, 671063420, 671063421, 671063418, 671063453, 4210456712, 671063454, 4210456714, 4210456713, 4210456715, 4210456717, 671063425, 671063424, 614637040, 614637106, 4210456725]",4,145
"POLYGON ((13.3724997 52.5364622, 13.3726321 52.5365188, 13.372785 52.5365841, 13.3726191 52.5367283, 13.3720939 52.5365041, 13.3721393 52.5364643, 13.3721418 52.5364654, 13.3721576 52.5364517, 13.3721152 52.5364337, 13.3721974 52.536362, 13.372237 52.536379, 13.3722592 52.5363599, 13.3724647 52.5364473, 13.372479 52.5364534, 13.3724997 52.5364622))","[4210456706, 6421168917, 614637044, 614637128, 614637041, 4210456708, 4210456709, 4210456703, 4210456700, 614637043, 671045588, 671045587, 4210456702, 6421168921, 4210456706]",5,432
"POLYGON ((13.3729682 52.5361773, 13.3729557 52.5361879, 13.3729066 52.5361665, 13.372919 52.5361559, 13.3728698 52.5361345, 13.3728518 52.5361499, 13.3726806 52.5362961, 13.3726768 52.5362946, 13.3726564 52.5362857, 13.3726419 52.5362794, 13.3725692 52.5362476, 13.3727367 52.5361046, 13.3727133 52.5360944, 13.3727703 52.5360458, 13.3727194 52.5360236, 13.3727648 52.5359849, 13.3728157 52.5360071, 13.3728667 52.5359636, 13.3728901 52.5359737, 13.3730601 52.5358286, 13.3730685 52.5358322, 13.3731221 52.5357865, 13.3731137 52.5357829, 13.373284 52.5356375, 13.3734629 52.5357103, 13.3732337 52.5359061, 13.3732433 52.5359103, 13.3732065 52.5359417, 13.3731921 52.5359354, 13.3730362 52.5360685, 13.3731861 52.5361338, 13.3731826 52.5361367, 13.3732017 52.5361452, 13.3731891 52.5361557, 13.37317 52.5361473, 13.3730773 52.5362248, 13.3729682 52.5361773))","[4210456682, 4210456684, 4210456680, 4210456677, 614637048, 6421168913, 614637046, 4210456692, 6421168920, 4210456691, 614637045, 4210456668, 4210456667, 4210456659, 4210456655, 4210456651, 4210456653, 4210456647, 4210456649, 4210456633, 4210456634, 4210456630, 4210456628, 614637065, 614637063, 4210456639, 4210456641, 4210456646, 4210456645, 614637052, 614637088, 4210456672, 4210456673, 4210456676, 4210456675, 614637050, 4210456682]",3,123
"POLYGON ((13.3714627 52.5347182, 13.3716143 52.5347753, 13.3715439 52.5348447, 13.3713923 52.5347875, 13.3714627 52.5347182))","[671045545, 671045542, 671045543, 671045544, 671045545]",1,32
"POLYGON ((13.3748688 52.5277763, 13.3749372 52.5275454, 13.374996 52.5273458, 13.3748819 52.5273322, 13.3748795 52.5273426, 13.374759 52.5273291, 13.3746364 52.5277501, 13.3748688 52.5277763))","[8792829454, 538988088, 688232432, 8792829474, 8792829475, 538979771, 538979770, 8792829454]",3,231
"POLYGON ((13.3979771 52.5267192, 13.3980148 52.5266408, 13.398025 52.5266197, 13.3980547 52.5266243, 13.3982195 52.5266511, 13.3982084 52.526673, 13.3981689 52.5267512, 13.3979771 52.5267192))","[3903345987, 1503718275, 3903345732, 3903345734, 3903345747, 3790637390, 3903345997, 3903345987]",5,46
"POLYGON ((13.3972974 52.5263763, 13.3973281 52.5263071, 13.3975921 52.5263476, 13.3975952 52.52634, 13.3978321 52.5263764, 13.397829 52.526384, 13.3980279 52.5264145, 13.3980464 52.5264279, 13.3980322 52.5264615, 13.3980734 52.5264687, 13.3980825 52.5264458, 13.3980765 52.5264451, 13.3980931 52.5264063, 13.3980999 52.5264075, 13.3981125 52.5263786, 13.3981231 52.5263552, 13.3982512 52.5263769, 13.3983458 52.5263932, 13.3982778 52.5265356, 13.3980797 52.5265036, 13.3977907 52.5264567, 13.3975606 52.5264193, 13.3973796 52.5263899, 13.3972974 52.5263763))","[3903345383, 3903345244, 3903345368, 3903345363, 3903345384, 3903345387, 3903345406, 3903345412, 3903345431, 3903345439, 3903345421, 3903345420, 3903345402, 3903345404, 3903345386, 3903345373, 3903345385, 3903345397, 3903345678, 3903345452, 3903345427, 3903345409, 3903345392, 3903345383]",3,54
"POLYGON ((13.3967751 52.5253663, 13.3968392 52.5252225, 13.3973275 52.525308, 13.397385 52.5253178, 13.3972933 52.5255284, 13.3972652 52.525524, 13.3972904 52.5254669, 13.397259 52.5254614, 13.3972644 52.52545, 13.397233 52.5254447, 13.3968329 52.5253767, 13.3967751 52.5253663))","[3903344489, 3903344423, 3903343968, 3903344459, 3903344565, 3903344562, 3903344524, 3903344521, 3903344516, 3903344511, 3790637384, 3903344489]",4,95
"POLYGON ((13.3963191 52.5252891, 13.3963142 52.5253001, 13.396257 52.5252906, 13.3963251 52.5251377, 13.3964499 52.5251583, 13.3965798 52.5251797, 13.3965166 52.5253216, 13.3963857 52.5253, 13.3963191 52.5252891))","[3903344447, 3903344454, 3903344449, 3903344384, 1503717545, 3903344397, 3903344461, 1503717550, 3903344447]",4,214
"POLYGON ((13.3973592 52.5267525, 13.3973895 52.5266872, 13.3974214 52.5266273, 13.3974908 52.5266382, 13.3976049 52.5266559, 13.3975853 52.5266984, 13.3975644 52.5267049, 13.3975511 52.5267264, 13.3975583 52.5267369, 13.3976086 52.5267455, 13.3975923 52.5267915, 13.3973592 52.5267525))","[3903346002, 3903345969, 3903345735, 3903345741, 3903345752, 3903345973, 3903345975, 3903345991, 3903345994, 4565961155, 3903346014, 3903346002]",3,453
"POLYGON ((13.3970491 52.5263369, 13.3971049 52.5262105, 13.3971631 52.5262194, 13.3971479 52.5262571, 13.3971732 52.5262616, 13.397192 52.5262528, 13.3971872 52.5262487, 13.397198 52.5262448, 13.3972052 52.5262507, 13.3972112 52.5262484, 13.3972173 52.5262544, 13.3972084 52.5262578, 13.3972336 52.5262807, 13.3972423 52.526278, 13.3972501 52.5262857, 13.3972403 52.526289, 13.3972456 52.5262944, 13.3972374 52.5262977, 13.3972328 52.5262917, 13.397211 52.5262987, 13.3972042 52.5263139, 13.397263 52.5263241, 13.3972447 52.5263678, 13.3971539 52.5263533, 13.3970491 52.5263369))","[1503047486, 3903345184, 3903345188, 3903345209, 3903345212, 3903345207, 3903345203, 3903345200, 3903345204, 3903345202, 3903345208, 3903345210, 3903345223, 3903345221, 3903345226, 3903345230, 3903345236, 3903345238, 3903345233, 3903345239, 3903345245, 3903345251, 3903345379, 3903345372, 1503047486]",,231
"POLYGON ((13.3964556 52.5265532, 13.3964369 52.5265573, 13.3964207 52.5265957, 13.3963893 52.5265908, 13.3963156 52.526578, 13.3963801 52.526433, 13.3964585 52.5264461, 13.396462 52.5264384, 13.3965963 52.5264608, 13.3965928 52.5264685, 13.3966829 52.5264834, 13.3966405 52.5266353, 13.3965749 52.5266246, 13.3965007 52.5266092, 13.3965181 52.5265706, 13.3965064 52.5265608, 13.3964556 52.5265532))","[3903345684, 3903345686, 3903345717, 3903345713, 3903345699, 3903345417, 3903345422, 3903345418, 3903345430, 3903345438, 3903345444, 3903345738, 3903345733, 3903345725, 3903345695, 3903345689, 3903345684]",3,456
"POLYGON ((13.3970094 52.526455, 13.3970222 52.5264161, 13.3970491 52.5263369, 13.3971539 52.5263533, 13.3971074 52.526471, 13.3970094 52.526455))","[3903345424, 3903345407, 1503047486, 3903345372, 3903345440, 3903345424]",,43
"POLYGON ((13.3973308 52.5265072, 13.3973587 52.5264402, 13.3973796 52.5263899, 13.3975606 52.5264193, 13.3975486 52.5264464, 13.3975385 52.5264686, 13.397508 52.5265358, 13.3974991 52.5265346, 13.3973308 52.5265072))","[3903345454, 1503718221, 3903345392, 3903345409, 3903345423, 1503718246, 3903345679, 3903345675, 3903345454]",4,23
"POLYGON ((13.396961 52.5265962, 13.3969753 52.5265541, 13.3970094 52.526455, 13.3971074 52.526471, 13.3973308 52.5265072, 13.3974991 52.5265346, 13.3974767 52.5265817, 13.397092 52.5265176, 13.3970743 52.5265234, 13.3970559 52.5265661, 13.3970635 52.5265673, 13.3970458 52.5266103, 13.396961 52.5265962))","[3903345716, 3903345682, 3903345424, 3903345440, 3903345454, 3903345675, 3903345702, 3903345660, 3903345666, 3903345692, 3903345694, 3903345726, 3903345716]",5,67
"POLYGON ((13.3967653 52.52629, 13.3968193 52.5261658, 13.3968842 52.5261762, 13.3968673 52.5262151, 13.3970055 52.5262373, 13.3970229 52.5261973, 13.3971049 52.5262105, 13.3970491 52.5263369, 13.3967653 52.52629))","[1503047438, 3903345056, 3903345167, 3903345186, 3903345194, 3903345177, 3903345184, 1503047486, 1503047438]",,100
"POLYGON ((13.3964994 52.5258366, 13.3965563 52.5257113, 13.3968336 52.5257542, 13.3968153 52.525795, 13.3969227 52.5258117, 13.3969221 52.5258138, 13.39692 52.5258186, 13.3969115 52.5258174, 13.3969084 52.5258241, 13.39692 52.5258261, 13.3969061 52.5258566, 13.3967957 52.5258391, 13.3967775 52.52588, 13.3964994 52.5258366))","[3903344720, 3903344666, 3903344682, 3903344699, 3903344706, 3903344708, 3903344714, 3903344712, 3903344717, 3903344718, 3903344733, 3903344724, 3903344752, 3903344720]",1,125
"POLYGON ((13.3972505 52.5255573, 13.3972652 52.525524, 13.3972933 52.5255284, 13.3975401 52.5255704, 13.3981581 52.5256656, 13.3982365 52.525678, 13.3983058 52.5256885, 13.3982925 52.5257175, 13.3972505 52.5255573))","[3903344590, 3903344562, 3903344565, 3903344596, 3903344653, 3903344657, 3903344660, 3903344668, 3903344590]",,120
"POLYGON ((13.3964536 52.5262678, 13.3964947 52.5261748, 13.3965191 52.5261203, 13.396731 52.5261575, 13.3966633 52.5263041, 13.3964536 52.5262678))","[3903345216, 3903345166, 3903345028, 3903345052, 3903345242, 3903345216]",1,210
"POLYGON ((13.3783672 52.5267353, 13.37807 52.5267161, 13.3780456 52.5267145, 13.3780449 52.5267231, 13.3779529 52.5267186, 13.3779389 52.5268168, 13.3779257 52.5269077, 13.3779734 52.5269104, 13.3779724 52.526919, 13.3780351 52.5269226, 13.3783303 52.5269391, 13.3783342 52.526922, 13.3783446 52.5268659, 13.3783542 52.5268148, 13.378365 52.5267552, 13.3783672 52.5267353))","[3342715643, 8792829492, 3342715641, 1648219936, 287022697, 539068853, 287022698, 3342715661, 3342715662, 8792829493, 3342715665, 8792829514, 8792829495, 8792829494, 8792829513, 3342715643]",,220
"POLYGON ((13.3744406 52.5260527, 13.374239 52.5259701, 13.374207 52.5259979, 13.3741885 52.5259908, 13.3741681 52.5259943, 13.374157 52.5260039, 13.3741446 52.5260142, 13.3741472 52.5260284, 13.3741686 52.5260353, 13.3741335 52.5260673, 13.374346 52.526154, 13.3743052 52.5261872, 13.374399 52.5262266, 13.3744738 52.526258, 13.374655 52.5261057, 13.3746685 52.5261114, 13.3747529 52.5260354, 13.3747833 52.52601, 13.3747332 52.5259879, 13.3747775 52.5259466, 13.3747469 52.5259349, 13.3748641 52.5258314, 13.3748816 52.5258162, 13.3748429 52.5258003, 13.3747051 52.5259175, 13.3746772 52.5259065, 13.3746327 52.5259463, 13.3745788 52.5259237, 13.3744609 52.5260268, 13.3744685 52.5260294, 13.3744406 52.5260527))","[538987616, 538987594, 3342715570, 3342715569, 1211891545, 538987653, 1211891553, 1211891543, 1211891548, 538987596, 538987599, 538987601, 365802657, 365802473, 1211891549, 1211891544, 538987909, 1211891551, 1211891552, 1211891555, 667128894, 3342715560, 667128891, 667128888, 667128885, 1211891542, 1211891547, 538987610, 1211891554, 1211891541, 538987616]",,132
"POLYGON ((13.3748796 52.5257305, 13.3749294 52.5257138, 13.3748274 52.5256705, 13.3747263 52.5256273, 13.3746972 52.5256525, 13.3747983 52.5256957, 13.3748796 52.5257305))","[2033413500, 2033413480, 2033413484, 2033413482, 2033413498, 5541023429, 2033413500]",,145
"POLYGON ((13.378364 52.5262002, 13.3783597 52.5262369, 13.3783493 52.5262659, 13.3783478 52.5262734, 13.3787899 52.5263018, 13.3787963 52.5262637, 13.3788021 52.5262287, 13.3787814 52.5262271, 13.378668 52.5262171, 13.3784869 52.5262072, 13.378364 52.5262002))","[2375854889, 2375854893, 2375854895, 3342715606, 2375854898, 3342715603, 3342715599, 2375854894, 2375854892, 2375854890, 2375854889]",4,432
"POLYGON ((13.3781122 52.5233655, 13.3780768 52.5233596, 13.3780214 52.5234097, 13.3780496 52.5234211, 13.3781122 52.5233655))","[2456672588, 2456672587, 2456672595, 538976109, 2456672588]",,123
"POLYGON ((13.3779402 52.5233526, 13.3779218 52.5233695, 13.377963 52.5233862, 13.3779814 52.5233693, 13.3779607 52.5233609, 13.3779402 52.5233526))","[2456672586, 2456672590, 2456672592, 2456672589, 2734669625, 2456672586]",,32
"POLYGON ((13.3781122 52.5233655, 13.3780496 52.5234211, 13.3779814 52.5234837, 13.3779747 52.5234887, 13.3779999 52.5234989, 13.3780484 52.5235186, 13.3780513 52.523516, 13.3781648 52.5234122, 13.3781815 52.5233969, 13.3781719 52.5233838, 13.3781122 52.5233655))","[2456672588, 538976109, 538976104, 2456672600, 5528047642, 2456672603, 5576630900, 2734669628, 2456672593, 2456672591, 2456672588]",,231
"POLYGON ((13.3769889 52.5252573, 13.3770893 52.5252992, 13.3769865 52.5253904, 13.3771414 52.5254551, 13.3774292 52.5251999, 13.3774008 52.525188, 13.3774611 52.5251345, 13.3775044 52.5250961, 13.3775346 52.5251087, 13.3778212 52.5248545, 13.3776653 52.5247894, 13.3775639 52.5248794, 13.3774627 52.5248372, 13.3774315 52.5248241, 13.3772683 52.5249688, 13.3772914 52.5249784, 13.3771453 52.525108, 13.377122 52.5250982, 13.3769574 52.5252442, 13.3769889 52.5252573))","[375846920, 375846906, 375846897, 375846890, 2643742550, 2643742547, 539068034, 2643742535, 2643742541, 375846634, 375846643, 375846650, 375846658, 2643742521, 2643742525, 2643742526, 2643742539, 2643742537, 2643742554, 375846920]",5,46
"POLYGON ((13.378103 52.527562, 13.3781232 52.5274536, 13.3786791 52.5274868, 13.3786885 52.5274084, 13.3787043 52.5273418, 13.3786187 52.527336, 13.3783563 52.5273165, 13.3783081 52.5273126, 13.3779039 52.5272863, 13.3778866 52.5273984, 13.3778611 52.5275481, 13.3778773 52.5275492, 13.3779877 52.5275549, 13.3780873 52.5275612, 13.378103 52.527562))","[2656227539, 287022689, 287022690, 538902851, 287022691, 287022692, 8792829511, 2656227528, 287022701, 539068707, 8792830322, 538980689, 8792830319, 7952777062, 2656227539]",5,54
"POLYGON ((13.3767032 52.5252609, 13.3766732 52.5252484, 13.3767682 52.5251642, 13.3767748 52.525167, 13.3769385 52.5250219, 13.3769317 52.5250191, 13.3769684 52.5249866, 13.3770081 52.5249514, 13.3770474 52.5249165, 13.3770784 52.524889, 13.3770808 52.52489, 13.3773386 52.5246617, 13.3773677 52.5246737, 13.37748 52.5247205, 13.3775579 52.5247528, 13.3774627 52.5248372, 13.3774315 52.5248241, 13.3772683 52.5249688, 13.3772914 52.5249784, 13.3771453 52.525108, 13.377122 52.5250982, 13.3769574 52.5252442, 13.3769889 52.5252573, 13.3768945 52.525341, 13.3768168 52.5253085, 13.3767032 52.5252609))","[375846861, 375846850, 2643742543, 2643742545, 2643742529, 2643742527, 1360405933, 538990666, 1360405930, 2643742522, 2643742523, 375846840, 375846833, 375846675, 375846667, 375846658, 2643742521, 2643742525, 2643742526, 2643742539, 2643742537, 2643742554, 375846920, 375846912, 375846883, 375846861]",,95
"POLYGON ((13.3775942 52.5246191, 13.377905 52.524749, 13.3780483 52.5246221, 13.3780831 52.5245913, 13.3781383 52.5245424, 13.3779816 52.5244769, 13.377928 52.5245244, 13.3778801 52.5245043, 13.3778251 52.524553, 13.3775631 52.5244436, 13.3776497 52.5243668, 13.3777092 52.5243916, 13.377764 52.524343, 13.3778046 52.524307, 13.3777695 52.5242924, 13.3779338 52.5241468, 13.3779693 52.5241617, 13.3780095 52.5241261, 13.377976 52.5241121, 13.3780584 52.524039, 13.3779873 52.5240093, 13.377976 52.5240046, 13.3779625 52.5239989, 13.3778812 52.523965, 13.3778247 52.5240151, 13.3778093 52.5240087, 13.3777426 52.5240678, 13.3777498 52.5240708, 13.3775873 52.5242149, 13.3775773 52.5242107, 13.3775106 52.5242698, 13.3775273 52.5242768, 13.3774179 52.5243737, 13.3773805 52.5244068, 13.3773534 52.5243955, 13.3773361 52.5244108, 13.3773165 52.5244281, 13.3773429 52.5244391, 13.3773084 52.5244697, 13.3772853 52.5244902, 13.3774819 52.5245723, 13.3775942 52.5246191))","[375846685, 375846692, 539067939, 5622370294, 375846698, 375847007, 375846998, 375846706, 375846714, 375846726, 375846952, 375846936, 2643742504, 375846963, 375846987, 375847018, 375847028, 375847037, 375847046, 375846734, 5528443781, 3342715073, 5528443769, 375846608, 2643742495, 2643742494, 2643742496, 2643742497, 2643742499, 2643742498, 2643742501, 2643742502, 1360405924, 2643742510, 2643742507, 538990665, 2643742513, 2643742516, 7792000132, 375846744, 375846752, 375846685]",,214
"POLYGON ((13.3766957 52.5254159, 13.3765858 52.5253649, 13.3763891 52.5252828, 13.3763298 52.5253353, 13.3763 52.5253229, 13.3762831 52.5253379, 13.3762634 52.5253553, 13.3762924 52.5253674, 13.376149 52.5254945, 13.3761332 52.5254879, 13.3760675 52.5255462, 13.3760742 52.525549, 13.3759116 52.525693, 13.3759054 52.5256904, 13.3758399 52.5257484, 13.3758529 52.5257538, 13.3758249 52.5257787, 13.3760446 52.5258704, 13.376138 52.5257876, 13.3760949 52.5257696, 13.3762555 52.5256272, 13.3762948 52.5256436, 13.376384 52.5255646, 13.3763956 52.5255543, 13.3763364 52.5255295, 13.3764198 52.5254557, 13.3765572 52.5255131, 13.3766782 52.5255636, 13.3766226 52.5256129, 13.3768232 52.5256967, 13.376924 52.5256073, 13.3769977 52.525542, 13.3766957 52.5254159))","[375846868, 375846759, 375846771, 2643742564, 1360395042, 538990542, 2643742566, 2643742568, 2643742571, 2643742570, 2643742573, 2643742575, 2643742579, 2643742577, 2643742581, 2643742583, 375846616, 375846779, 375846786, 375846808, 375847056, 375847063, 3342715291, 375847074, 375847082, 375846826, 3342715276, 375846819, 375846799, 375846627, 539068132, 375846876, 375846868]",,453
"POLYGON ((13.3765858 52.5253649, 13.3767032 52.5252609, 13.3768168 52.5253085, 13.3766957 52.5254159, 13.3765858 52.5253649))","[375846759, 375846861, 375846883, 375846868, 375846759]",,231
"POLYGON ((13.3788116 52.5246987, 13.3788011 52.5247628, 13.3787925 52.5247623, 13.3787834 52.5248183, 13.378548 52.5248041, 13.3785387 52.5248608, 13.3785356 52.5248801, 13.3785324 52.5249, 13.3785237 52.5249573, 13.3786585 52.5249648, 13.3788263 52.5249741, 13.3788908 52.5249778, 13.3789045 52.5249786, 13.378904 52.5249817, 13.3789893 52.5249867, 13.379002 52.5249057, 13.3790247 52.5247672, 13.378937 52.5247619, 13.378946 52.5247068, 13.3788116 52.5246987))","[538904527, 3342715177, 3342715175, 538904529, 538904530, 3342715198, 2192019883, 3342715205, 539069913, 3342715210, 538904513, 5622370320, 3342715215, 3342715216, 3342715217, 538905028, 3342715180, 3342715178, 3342715170, 538904527]",,456
"POLYGON ((13.3785175 52.5243488, 13.3785044 52.524423, 13.3784923 52.5244924, 13.3787101 52.5245065, 13.3787296 52.5245006, 13.3787304 52.5244959, 13.3788232 52.5245016, 13.378822 52.5245089, 13.3788038 52.5246222, 13.3786892 52.5246154, 13.378667 52.5246141, 13.3784677 52.5246022, 13.3784508 52.5247068, 13.3786509 52.5247188, 13.3786556 52.5246893, 13.3787926 52.5246975, 13.3788116 52.5246987, 13.378946 52.5247068, 13.37908 52.5247151, 13.3790937 52.5246331, 13.3790098 52.5246279, 13.3790284 52.524516, 13.3790601 52.524518, 13.3790665 52.5244797, 13.3790946 52.5244814, 13.3790981 52.5244605, 13.3791016 52.52444, 13.3790706 52.5244381, 13.3790763 52.5244048, 13.3790426 52.5244026, 13.3790635 52.5242812, 13.3791495 52.5242866, 13.3791635 52.5242054, 13.3789602 52.5241924, 13.3789284 52.5241905, 13.3787349 52.5241792, 13.3787398 52.5241482, 13.3785509 52.5241372, 13.3785352 52.5242363, 13.3788645 52.5242555, 13.3788449 52.5243796, 13.3787537 52.5243743, 13.3787541 52.5243717, 13.3787376 52.5243631, 13.3785175 52.5243488))","[538904521, 539063935, 538904522, 3342715131, 3342715129, 5622376723, 538904523, 5622376724, 538904524, 5622370310, 5622370307, 538904525, 538904526, 3342715173, 3342715169, 5622370298, 538904527, 3342715170, 538904514, 1203692760, 1203692717, 1203692647, 1203692551, 3342715119, 3342715121, 538904952, 3342715115, 3342715114, 1203692795, 1203692682, 1203692621, 1203692830, 538904515, 4778693047, 538904516, 3342715083, 3342715079, 538904517, 538904518, 538904519, 538904520, 3342715109, 3342715108, 3342715106, 538904521]",,43
"POLYGON ((13.3785381 52.5251235, 13.3785389 52.525119, 13.3785631 52.5249897, 13.3786541 52.5249944, 13.3787577 52.5249999, 13.3787706 52.5250063, 13.3787671 52.5250403, 13.3787534 52.5250465, 13.3786967 52.5250441, 13.3786838 52.5251309, 13.3785381 52.5251235))","[3342715241, 3342715240, 3342715218, 3342715219, 3342715220, 3342715221, 3342715229, 3342715232, 3342715231, 3342715242, 3342715241]",,23
"POLYGON ((13.3787998 52.5251472, 13.3788143 52.52505, 13.3788327 52.5250429, 13.3788378 52.5250165, 13.3788233 52.5250077, 13.3788263 52.5249741, 13.3786585 52.5249648, 13.3786541 52.5249944, 13.3787577 52.5249999, 13.3787706 52.5250063, 13.3787671 52.5250403, 13.3787534 52.5250465, 13.3786967 52.5250441, 13.3786838 52.5251309, 13.3787397 52.5251344, 13.3787389 52.5251442, 13.3787998 52.5251472))","[538904512, 3342715233, 3342715230, 3342715223, 3342715222, 538904513, 3342715210, 3342715219, 3342715220, 3342715221, 3342715229, 3342715232, 3342715231, 3342715242, 3342715243, 3342715246, 538904512]",,67
"POLYGON ((13.3743035 52.5259183, 13.3743742 52.5259484, 13.3744194 52.5259092, 13.3743487 52.5258791, 13.3743035 52.5259183))","[538986849, 3342715568, 3342715565, 3342715563, 538986849]",,100
"POLYGON ((13.3752985 52.5277478, 13.3753388 52.5277581, 13.3753897 52.5277728, 13.3754191 52.5277307, 13.3753299 52.5277062, 13.3752985 52.5277478))","[3342715759, 538988274, 3342715762, 3342715752, 3342715751, 3342715759]",,125
"POLYGON ((13.3787998 52.5251472, 13.3787389 52.5251442, 13.3787397 52.5251344, 13.3786838 52.5251309, 13.3785381 52.5251235, 13.3785389 52.525119, 13.3785139 52.5251173, 13.3785068 52.5251639, 13.3785322 52.5251653, 13.3785069 52.5253531, 13.3785035 52.5253549, 13.3784842 52.5253544, 13.3784754 52.5254131, 13.3785762 52.5254193, 13.3785716 52.5254493, 13.3785562 52.5254486, 13.3785377 52.5254603, 13.3785284 52.52553, 13.3785352 52.5255327, 13.3785399 52.5255363, 13.3785425 52.5255408, 13.3785576 52.5255407, 13.3785552 52.5255565, 13.3785531 52.5255697, 13.3784497 52.5255634, 13.3784388 52.5256212, 13.3785351 52.5256265, 13.3785069 52.5257942, 13.3788192 52.525815, 13.3788678 52.5258188, 13.3788895 52.5256981, 13.3787841 52.5256918, 13.378785 52.5256814, 13.378698 52.5256751, 13.3787072 52.5256038, 13.3787986 52.5256077, 13.3788175 52.5255084, 13.3788328 52.5254103, 13.3787423 52.5254046, 13.3787701 52.5252735, 13.3788907 52.5252801, 13.3789044 52.5252867, 13.3789574 52.5252888, 13.3789708 52.5252823, 13.3789764 52.5252484, 13.3790013 52.5252495, 13.3790047 52.5252227, 13.3790089 52.5251972, 13.3789854 52.5251951, 13.3789912 52.5251585, 13.3787998 52.5251472))","[538904512, 3342715246, 3342715243, 3342715242, 3342715241, 3342715240, 3342715239, 3342715247, 3342715248, 3342715262, 3342715264, 3342715263, 538904531, 538904532, 3342715269, 3342715268, 3342715271, 3342715278, 3342715279, 3342715280, 3342715284, 3342715283, 539064068, 3342715495, 3342715290, 3342715514, 3342715515, 3342715555, 3342715557, 3342715558, 538904500, 3342715539, 3342715536, 538904504, 538904505, 538904506, 538905102, 538904507, 538904508, 538904509, 3342715256, 3342715257, 3342715258, 538904510, 3342715254, 3342715255, 538905070, 3342715251, 3342715250, 538904511, 538904512]",4,120
"POLYGON ((13.370643 52.5346524, 13.3706786 52.5346676, 13.3706526 52.5346897, 13.3705921 52.5347414, 13.3705568 52.5347261, 13.3705576 52.5347254, 13.3706165 52.5346751, 13.370643 52.5346524))","[3344192319, 3344192320, 4622711129, 3344192322, 3344192321, 3344192325, 4622711130, 3344192319]",3,210
"POLYGON ((13.3727243 52.5358211, 13.3722048 52.5356007, 13.3721626 52.5356375, 13.3716758 52.535431, 13.3717195 52.5353929, 13.3717577 52.5354091, 13.3717404 52.5354241, 13.3721383 52.5355929, 13.3721543 52.5355789, 13.3721102 52.5355602, 13.3721803 52.5354991, 13.3720539 52.5354454, 13.372077 52.5354253, 13.3722036 52.535479, 13.3723266 52.5353717, 13.3729408 52.5356323, 13.3728247 52.5357335, 13.3727243 52.5358211))","[4210456632, 4210456594, 3450322298, 3450321490, 4210455453, 4210455457, 3450321487, 349135087, 3450322297, 3450322296, 3450322294, 4210455467, 4210455461, 3450321491, 4210455448, 4210456601, 6312204873, 4210456632]",1,220
"POLYGON ((13.3759453 52.5264569, 13.3760007 52.5264806, 13.3756539 52.5267811, 13.3755414 52.5267349, 13.375542 52.5267171, 13.3755168 52.5267053, 13.3754863 52.5267094, 13.3752671 52.5266179, 13.3752744 52.5266122, 13.3752235 52.5265902, 13.375216 52.5265969, 13.3751123 52.526552, 13.3751192 52.5265453, 13.3749939 52.5264925, 13.3748898 52.5265831, 13.3748293 52.5266358, 13.3749522 52.5266864, 13.3749592 52.5266804, 13.3752292 52.5267952, 13.3752553 52.5267724, 13.3754216 52.5268425, 13.3752354 52.5270022, 13.3750753 52.5269332, 13.3750856 52.5269243, 13.3750365 52.5269031, 13.3750261 52.5269121, 13.3749871 52.5268953, 13.374847 52.5270156, 13.3750086 52.5270853, 13.3750161 52.5270789, 13.3750113 52.5270768, 13.3750238 52.527066, 13.3751841 52.5271351, 13.3751877 52.5271321, 13.375199 52.527137, 13.3752326 52.5271514, 13.3752692 52.52712, 13.3752639 52.5271177, 13.375276 52.5271073, 13.3752367 52.5270903, 13.3753046 52.527032, 13.3752735 52.5270186, 13.3754243 52.5268895, 13.3755351 52.5269359, 13.375646 52.5269822, 13.3754955 52.5271126, 13.3754673 52.5271006, 13.3753872 52.5271703, 13.3753452 52.5271524, 13.3752959 52.5271952, 13.3753384 52.5272133, 13.3753494 52.5272037, 13.3753618 52.527209, 13.3755127 52.5272733, 13.3754959 52.5272879, 13.3754925 52.5272865, 13.3754863 52.5272918, 13.3756452 52.5273595, 13.3757863 52.5272368, 13.3757464 52.5272198, 13.3757583 52.5272095, 13.3757053 52.5271869, 13.3756936 52.527197, 13.3755342 52.5271291, 13.3757161 52.5269715, 13.3758876 52.5270425, 13.3759184 52.5270165, 13.3760075 52.5270554, 13.3759771 52.5270817, 13.376061 52.5271168, 13.3760905 52.527091, 13.3761838 52.5271309, 13.3761196 52.5271841, 13.3762391 52.5272368, 13.376398 52.527099, 13.376274 52.527045, 13.3762621 52.5270548, 13.3762383 52.5270445, 13.3761601 52.5270108, 13.3761705 52.5270017, 13.3761188 52.5269798, 13.3761098 52.5269877, 13.376002 52.5269414, 13.3760107 52.5269343, 13.3758969 52.5268869, 13.3758934 52.5268712, 13.375861 52.5268568, 13.3758386 52.5268602, 13.3757318 52.5268144, 13.3760785 52.5265139, 13.3761351 52.5265381, 13.3761188 52.5265522, 13.3762438 52.5266058, 13.3762584 52.5265932, 13.3764103 52.5266582, 13.3763392 52.5267196, 13.376519 52.5267967, 13.3765803 52.5267436, 13.3766178 52.5267597, 13.376648 52.5267336, 13.3766853 52.5267014, 13.3766679 52.5266936, 13.3766466 52.5266848, 13.3767229 52.5266189, 13.376666 52.5265945, 13.376677 52.526585, 13.3766586 52.5265772, 13.3766403 52.5265693, 13.3766297 52.5265785, 13.3765785 52.5265566, 13.3765726 52.5265617, 13.3764976 52.5265296, 13.3764731 52.5265507, 13.3762424 52.5264519, 13.3763714 52.5263405, 13.3762688 52.5262966, 13.376168 52.5262534, 13.3760389 52.5263649, 13.3758073 52.5262657, 13.3758317 52.5262446, 13.3757556 52.526212, 13.375763 52.5262057, 13.3757107 52.5261833, 13.375623 52.5261457, 13.375545 52.5262131, 13.3754795 52.5261851, 13.3754478 52.5262125, 13.3754096 52.5262455, 13.3754761 52.526274, 13.3754175 52.5263247, 13.3755906 52.5263988, 13.3756614 52.5263376, 13.3758158 52.5264037, 13.3758015 52.5264161, 13.3759292 52.5264708, 13.3759453 52.5264569))","[375825882, 2776386481, 1204390134, 3342715642, 3342715639, 3342715636, 3342715637, 1245824568, 1245824638, 3342715625, 3342715627, 3342715617, 3342715615, 538978266, 5541023448, 538978269, 3342715632, 3342715631, 1245824672, 1245824623, 3342715647, 3342715673, 3342715666, 3342715664, 3342715660, 3342715663, 688232208, 688232587, 538978494, 3342715680, 3342715679, 688232309, 3342715689, 3342715688, 1360395080, 1360108934, 1360108932, 3342715683, 3342715681, 1360108931, 538978488, 3342715676, 3342715656, 538987965, 3342715671, 3342715682, 688232408, 1360108935, 1360108933, 1360108936, 3342715696, 3342715694, 1360395081, 688232294, 3342715708, 3342715707, 688232570, 688232519, 688232341, 3342715697, 3342715695, 3342715691, 3342715693, 3342715685, 3342715669, 1245824577, 1245824666, 1245824575, 1245824642, 1245824556, 1245824627, 1245824650, 1245824571, 538978272, 538978265, 3342715677, 3342715678, 1360380107, 3342715675, 3342715674, 3342715670, 3342715672, 3342715668, 3342715667, 3342715657, 3342715653, 3342715650, 3342715651, 1204390115, 2776386479, 375825874, 375825867, 3342715628, 3342715624, 375825860, 375825853, 1360380105, 375825848, 3342715644, 539067665, 3342715635, 2777497901, 3342715633, 375825841, 3342715626, 3342715623, 539067656, 375825835, 375825827, 3342715619, 3342715620, 3342715614, 3342715616, 375825821, 375825814, 539067644, 375825805, 375825941, 3342715605, 3342715601, 375825934, 375825928, 539067645, 375825913, 3342715595, 3342715590, 539067602, 3342715602, 3342715607, 375825908, 375825902, 375825896, 3342715609, 3342715610, 375825888, 375825882]",,132
"POLYGON ((13.3984149 52.5260536, 13.3984451 52.5259907, 13.3984727 52.5259331, 13.3984697 52.5259286, 13.3984613 52.5259268, 13.3985215 52.5257994, 13.3985297 52.5258003, 13.3985622 52.5257274, 13.3984623 52.5257119, 13.3984181 52.5257052, 13.3983272 52.5256917, 13.3983058 52.5256885, 13.3982925 52.5257175, 13.3982283 52.5258607, 13.3982161 52.5258587, 13.3982178 52.5258545, 13.3982086 52.525853, 13.3982068 52.5258572, 13.3981979 52.5258558, 13.3981948 52.5258628, 13.398202 52.525864, 13.3981954 52.5258794, 13.3981883 52.5258783, 13.3981859 52.5258837, 13.3981931 52.5258849, 13.3981843 52.5259055, 13.3981771 52.5259043, 13.3981747 52.52591, 13.3981819 52.5259112, 13.3981779 52.5259204, 13.3981707 52.5259192, 13.3981661 52.5259301, 13.3981788 52.5259314, 13.3981804 52.5259278, 13.3981938 52.5259307, 13.3981865 52.5259473, 13.3981792 52.5259637, 13.3981711 52.5259624, 13.3981686 52.525968, 13.3981768 52.5259693, 13.3981715 52.5259812, 13.3981634 52.5259799, 13.3981603 52.5259869, 13.3981684 52.5259883, 13.3981592 52.5260094, 13.3984149 52.5260536))","[3903344970, 940860734, 3903344890, 3903344884, 3903344882, 3903344703, 3903344704, 3903344671, 3903344667, 3903344664, 3903344662, 3903344660, 3903344668, 3903344736, 3903344735, 3903344729, 3903344728, 3903344734, 3903344731, 3903344738, 3903344740, 3903344750, 3903344748, 3903344755, 3903344857, 3903344867, 3903344866, 3903344869, 3903344870, 3903344877, 3903344875, 3903344885, 3903344888, 3903344883, 3903344887, 3903344899, 3903344907, 3903344906, 3903344909, 3903344911, 3903344918, 3903344916, 3903344921, 3903344922, 3903344940, 3903344970]",5,145
"POLYGON ((13.3960617 52.5259768, 13.3960588 52.5259835, 13.3960429 52.5259809, 13.3960458 52.5259742, 13.395956 52.5259598, 13.3959531 52.5259665, 13.3959026 52.5259583, 13.3959055 52.5259517, 13.3958585 52.5259441, 13.3959185 52.5258173, 13.3961053 52.5258456, 13.3961081 52.5258387, 13.3961191 52.5258404, 13.3961163 52.5258473, 13.3960617 52.5259768))","[3903344915, 3903344920, 3903344917, 3903344914, 3903344905, 3903344908, 3903344904, 3903344901, 3903344896, 3903344711, 3903344726, 3903344722, 3903344725, 3903344727, 3903344915]",5,432
"POLYGON ((13.3952298 52.5258462, 13.395635 52.5259131, 13.3958594 52.525383, 13.3954463 52.5253176, 13.3952298 52.5258462))","[1503717599, 1503717615, 1503717559, 1503717553, 1503717599]",4,123
"POLYGON ((13.3813312 52.526877, 13.3813403 52.526828, 13.3813711 52.5266703, 13.3814104 52.5264469, 13.3813745 52.5264445, 13.3804887 52.526384, 13.3804356 52.526672, 13.3803517 52.5266663, 13.3802639 52.5266602, 13.3802528 52.5267298, 13.380425 52.5267413, 13.3804106 52.5268143, 13.3813312 52.526877))","[4151869394, 4597099726, 4476029913, 4151869992, 4597099728, 4151831198, 4643011506, 5794297287, 4643011505, 4643011507, 8795775568, 4151869294, 4151869394]",5,32
"POLYGON ((13.3706218 52.5357608, 13.3706985 52.535694, 13.3707318 52.5357082, 13.370751 52.5356915, 13.3707624 52.5356963, 13.3707802 52.5356802, 13.371461 52.5359704, 13.3713502 52.5360669, 13.3713468 52.5360699, 13.3712163 52.5360142, 13.3711791 52.5360467, 13.3707773 52.5358766, 13.3708157 52.5358435, 13.3706218 52.5357608))","[4210456624, 4210456607, 4210456609, 4210456606, 4210456608, 4210456603, 4210456648, 4210456663, 4210456664, 4210456654, 4210456660, 4210456638, 4210456635, 4210456624]",4,231
"POLYGON ((13.372077 52.5354253, 13.3720539 52.5354454, 13.3720482 52.5354501, 13.3720547 52.5354528, 13.3719906 52.5355086, 13.3717577 52.5354091, 13.3717195 52.5353929, 13.3713177 52.5352211, 13.3713448 52.5351976, 13.3712929 52.5351754, 13.3713871 52.5350935, 13.3714393 52.5351157, 13.3714691 52.5350896, 13.3721417 52.535377, 13.3720855 52.5354259, 13.3720794 52.5354232, 13.372077 52.5354253))","[4210455461, 4210455467, 4210455468, 4210455470, 4210455482, 4210455457, 4210455453, 4210455444, 4210455442, 4210455441, 4210455437, 4210455439, 4210455435, 4210455451, 4210455459, 4210455458, 4210455461]",5,46
"POLYGON ((13.3706218 52.5357608, 13.3705953 52.5357841, 13.3704678 52.5357294, 13.3704469 52.5357476, 13.3704602 52.5357532, 13.3704276 52.535781, 13.3703533 52.5357486, 13.3703855 52.5357211, 13.3703988 52.5357268, 13.3704196 52.5357087, 13.3700929 52.5355683, 13.3700854 52.5355748, 13.3699551 52.5355191, 13.3699767 52.5355003, 13.3700528 52.5354341, 13.3700816 52.5354091, 13.3702541 52.5354828, 13.3702281 52.5355055, 13.3704765 52.5356116, 13.3705167 52.5355767, 13.3705598 52.5355951, 13.3705811 52.5355768, 13.3707476 52.5354314, 13.3707361 52.5354265, 13.3708883 52.5352941, 13.3708998 52.535299, 13.3710155 52.5351983, 13.3710485 52.5351696, 13.371128 52.5351004, 13.3707945 52.5349579, 13.3707685 52.5349805, 13.3706381 52.5349248, 13.3706669 52.5348998, 13.370743 52.5348336, 13.3707638 52.5348155, 13.370894 52.5348714, 13.3708883 52.5348763, 13.3712156 52.5350162, 13.3712373 52.5349972, 13.3712235 52.5349914, 13.3712577 52.5349619, 13.3713327 52.5349943, 13.3712989 52.5350236, 13.3712856 52.5350179, 13.3712638 52.5350368, 13.3713902 52.5350908, 13.3713871 52.5350935, 13.3712929 52.5351754, 13.3710682 52.5353709, 13.371079 52.5353755, 13.3710722 52.5353814, 13.3711024 52.5353943, 13.3710584 52.5354326, 13.3710668 52.5354362, 13.3710161 52.5354803, 13.3710076 52.5354767, 13.3709636 52.535515, 13.3709335 52.5355021, 13.3709267 52.535508, 13.3709171 52.5355039, 13.3706985 52.535694, 13.3706218 52.5357608))","[4210456624, 4210456629, 4210456615, 4210456620, 4210456623, 4210456627, 4210456621, 4210456613, 4210456614, 4210456611, 4210455486, 4210455487, 4210455484, 4210455476, 4210455465, 4210455456, 4210455474, 4210455479, 4210456596, 4210455488, 4210456592, 4210456589, 4210455463, 4210455460, 4210455445, 4210455446, 4210455443, 4210455440, 4210455438, 4210455411, 4210455413, 4210455410, 4210455409, 4210455406, 4210455405, 4210455407, 4210455408, 4210455424, 4210455421, 4210455418, 4210455412, 4210455419, 4210455431, 4210455427, 4210455433, 4210455436, 4210455437, 4210455441, 4210455449, 4210455450, 4210455452, 4210455454, 4210455464, 4210455466, 4210455473, 4210455472, 4210455483, 4210455477, 4210455481, 4210455478, 4210456607, 4210456624]",5,54
"POLYGON ((13.3698775 52.5358603, 13.370042 52.5357337, 13.3702601 52.5358392, 13.3705294 52.5359694, 13.3703649 52.536096, 13.3698775 52.5358603))","[4706899730, 4706899729, 4706899728, 4706899727, 4706899726, 4706899730]",3,95
"POLYGON ((13.374759 52.5273291, 13.3746793 52.52732, 13.3747065 52.5271625, 13.3749231 52.5271854, 13.3749177 52.5272095, 13.3750378 52.5272229, 13.375025 52.5272753, 13.3750036 52.5273471, 13.374996 52.5273458, 13.3748819 52.5273322, 13.3748795 52.5273426, 13.374759 52.5273291))","[538979771, 8792829473, 8792829472, 8792829471, 8792829470, 8792829469, 8792829468, 8792829467, 688232432, 8792829474, 8792829475, 538979771]",,214
"POLYGON ((13.3769006 52.5270214, 13.3768167 52.5269867, 13.3768566 52.5269539, 13.3768441 52.5269484, 13.3768747 52.5269215, 13.3767914 52.5268855, 13.3771627 52.5265569, 13.3772466 52.5265908, 13.3772808 52.526563, 13.3771976 52.5265288, 13.37723 52.5264986, 13.3773185 52.5265366, 13.3773769 52.5264854, 13.3774293 52.5265063, 13.3774873 52.5264504, 13.3777622 52.5265659, 13.3777039 52.5266181, 13.3777383 52.5266315, 13.3778445 52.5266767, 13.3777709 52.5267416, 13.3778019 52.5267546, 13.3777497 52.5268023, 13.3778008 52.5268231, 13.3774238 52.5271535, 13.3773381 52.5271181, 13.3773094 52.5271438, 13.3772979 52.5271389, 13.3772576 52.5271719, 13.3771755 52.5271374, 13.377202 52.5271131, 13.377214 52.5271022, 13.3771825 52.5270877, 13.3775875 52.5267366, 13.377375 52.5266497, 13.3769725 52.5270027, 13.3769384 52.5269892, 13.3769006 52.5270214))","[8792830337, 8792830336, 8792830339, 4556857283, 4556857282, 2770793044, 8792830332, 8792830331, 8792830329, 8792830330, 2770793047, 4556857289, 4556857293, 4556857290, 8792830334, 8792830333, 8792830335, 4556857288, 4556857295, 4556857296, 2770793049, 3342715645, 3342715646, 2770793051, 4556857281, 4556857280, 8792830342, 8792830341, 8792830340, 8805103786, 8792830343, 2770793054, 2770793056, 2770793058, 2770793061, 8792830338, 8792830337]",,453
"POLYGON ((13.3967403 52.5254445, 13.3967751 52.5253663, 13.3968392 52.5252225, 13.396709 52.525201, 13.3965798 52.5251797, 13.3965166 52.5253216, 13.3964809 52.5254017, 13.3967403 52.5254445), (13.3967106 52.5253207, 13.3967274 52.5253157, 13.3967364 52.5253271, 13.3967033 52.5253368, 13.3966869 52.5253793, 13.3965922 52.5253659, 13.3966081 52.5253246, 13.3965906 52.5253015, 13.3966092 52.5252963, 13.3966147 52.5253035, 13.3967106 52.5253207))","[[[3903344495, 3903344461, 3903344397, 2769686955, 3903344423, 3903344489, 3903344509, 3903344495], [1502932846, 3903378097, 3903378098, 3903378100, 1502932853, 1502932854, 3903378102, 3903378101, 3903378099, 1502932848, 1502932846]]]",5,
